date,league,event,game,market,side,player,price,line,result,value,opp_value,team_fav,same_side,final,margin,note
2026-09-12,college-football,401862702,ARMY/USF,ML,0,ARMY,-166,,0,24,,,,ARMY 24 USF 28,4,
2026-09-12,college-football,401862702,ARMY/USF,ATD,0,Cale Hellums,-340,1,1,2,,,,ARMY 24 USF 28,4,
2026-09-12,college-football,401862702,ARMY/USF,ATD,0,Cale Hellums,170,2,1,2,,,,ARMY 24 USF 28,4,
2026-09-12,college-football,401856679,OKLA/MICH,ML,0,OKLA,-205,,0,,,OKLA,1,MICH 17 OU 10,7,
2026-09-12,college-football,401856679,OKLA/MICH,ML,1,MICH,170,,1,17,,OKLA,0,MICH 17 OU 10,7,
2026-09-12,college-football,401856679,OKLA/MICH,PTD,0,John Mateer,-407,1,1,1,,OKLA,1,MICH 17 OU 10,7,
2026-09-12,college-football,401856679,OKLA/MICH,PTD,0,John Mateer,120,2,0,1,,OKLA,1,MICH 17 OU 10,7,
2026-09-12,college-football,401856679,OKLA/MICH,ATD,0,John Mateer,100,1,1,1,,OKLA,1,MICH 17 OU 10,7,
2026-09-12,college-football,401858442,PSU/TEM,ML,0,PSU,-3200,,1,27,,PSU,1,TEM 9 PSU 27,18,
2026-09-12,college-football,401858442,PSU/TEM,ML,1,TEM,1400,,0,9,,PSU,0,TEM 9 PSU 27,18,
2026-09-12,college-football,401858442,PSU/TEM,PTD,0,Rocco Becht,-256,2,1,3,,PSU,1,TEM 9 PSU 27,18,
2026-09-12,college-football,401856782,ORE/OKST,ML,0,ORE,-2100,,0,31,,ORE,1,OKST 39 ORE 31,8,
2026-09-12,college-football,401856782,ORE/OKST,ML,1,OKST,1100,,1,39,,ORE,0,OKST 39 ORE 31,8,
2026-09-12,college-football,401856782,ORE/OKST,PTD,0,Dante Moore,-393,2,1,2,,ORE,1,OKST 39 ORE 31,8,
2026-09-12,college-football,401856682,OSU/TEXAS,ML,0,OSU,102,,0,23,,TEXAS,0,TEX 24 OSU 23,1,
2026-09-12,college-football,401856682,OSU/TEXAS,ML,1,TEXAS,-122,,0,,,TEXAS,1,TEX 24 OSU 23,1,
2026-09-12,college-football,401856682,OSU/TEXAS,PTD,0,Julian Sayin,-133,2,0,1,,TEXAS,0,TEX 24 OSU 23,1,
2026-09-12,college-football,401856682,OSU/TEXAS,PTD,1,Arch Manning,-133,2,0,1,,TEXAS,1,TEX 24 OSU 23,1,
2026-09-13,college-football,401864502,NDSU/AF,ML,0,NDSU,-122,,1,38,,,,AFA 32 NDSU 38,6,
2026-09-12,college-football,401856678,MIZ/KU,ML,0,MIZ,-198,,1,38,,MIZ,1,KU 21 MIZ 38,17,
2026-09-12,college-football,401856678,MIZ/KU,ML,1,KU,164,,0,21,,MIZ,0,KU 21 MIZ 38,17,
2026-09-12,college-football,401856678,MIZ/KU,PTD,0,Austin Simmons,-154,2,1,3,,MIZ,1,KU 21 MIZ 38,17,
2026-09-12,college-football,401856678,MIZ/KU,PTD,1,Isaiah Marshall,-369,1,1,2,,MIZ,0,KU 21 MIZ 38,17,
2026-09-12,college-football,401856678,MIZ/KU,PTD,1,Isaiah Marshall,148,2,1,2,,MIZ,0,KU 21 MIZ 38,17,
2026-09-13,nfl,401872925,TB/CIN,ML,0,TB,170,,0,27,,CIN,0,CIN 33 TB 27,6,
2026-09-13,nfl,401872925,TB/CIN,ML,1,CIN,-205,,1,33,,CIN,1,CIN 33 TB 27,6,
2026-09-13,nfl,401872925,TB/CIN,H2H_YDS,0,Baker Mayfield,172,,0,216,254,CIN,0,CIN 33 TB 27,6,
2026-09-13,nfl,401872925,TB/CIN,H2H_YDS,1,Joe Burrow,-223,,1,254,216,CIN,1,CIN 33 TB 27,6,
2026-09-13,nfl,401872925,TB/CIN,PTD,0,Baker Mayfield,-660,1,0,0,,CIN,0,CIN 33 TB 27,6,
2026-09-13,nfl,401872925,TB/CIN,PTD,0,Baker Mayfield,-106,2,0,0,,CIN,0,CIN 33 TB 27,6,
2026-09-13,nfl,401872925,TB/CIN,PTD,1,Joe Burrow,-2100,1,1,1,,CIN,1,CIN 33 TB 27,6,
2026-09-13,nfl,401872925,TB/CIN,PTD,1,Joe Burrow,-248,2,0,1,,CIN,1,CIN 33 TB 27,6,
2026-09-13,nfl,401872923,NO/DET,ML,0,NO,260,,0,30,,DET,0,DET 31 NO 30,1,
2026-09-13,nfl,401872923,NO/DET,ML,1,DET,-325,,1,31,,DET,1,DET 31 NO 30,1,
2026-09-13,nfl,401872923,NO/DET,H2H_YDS,0,Tyler Shough,-114,,1,410,206,DET,0,DET 31 NO 30,1,
2026-09-13,nfl,401872923,NO/DET,H2H_YDS,1,Jared Goff,-112,,0,206,410,DET,1,DET 31 NO 30,1,
2026-09-13,nfl,401872923,NO/DET,PTD,0,Tyler Shough,-455,1,1,3,,DET,0,DET 31 NO 30,1,
2026-09-13,nfl,401872923,NO/DET,PTD,0,Tyler Shough,128,2,1,3,,DET,0,DET 31 NO 30,1,
2026-09-13,nfl,401872923,NO/DET,PTD,1,Jared Goff,-1500,1,1,2,,DET,1,DET 31 NO 30,1,
2026-09-13,nfl,401872923,NO/DET,PTD,1,Jared Goff,-205,2,1,2,,DET,1,DET 31 NO 30,1,
2026-09-13,nfl,401872924,NYJ/TEN,ML,0,NYJ,-102,,1,23,,TEN,0,TEN 10 NYJ 23,13,
2026-09-13,nfl,401872924,NYJ/TEN,ML,1,TEN,-118,,0,10,,TEN,1,TEN 10 NYJ 23,13,
2026-09-13,nfl,401872924,NYJ/TEN,PTD,0,Geno Smith,-292,1,0,0,,TEN,0,TEN 10 NYJ 23,13,
2026-09-13,nfl,401872924,NYJ/TEN,PTD,0,Geno Smith,198,2,0,0,,TEN,0,TEN 10 NYJ 23,13,
2026-09-13,nfl,401872659,BAL/IND,ML,0,BAL,-162,,1,41,,BAL,1,IND 23 BAL 41,18,
2026-09-13,nfl,401872659,BAL/IND,ML,1,IND,136,,0,23,,BAL,0,IND 23 BAL 41,18,
2026-09-13,nfl,401872659,BAL/IND,H2H_YDS,0,Lamar Jackson,-113,,1,324,166,BAL,1,IND 23 BAL 41,18,
2026-09-13,nfl,401872659,BAL/IND,H2H_YDS,1,Daniel Jones,-113,,0,166,324,BAL,0,IND 23 BAL 41,18,
2026-09-13,nfl,401872659,BAL/IND,PTD,0,Lamar Jackson,-528,1,1,1,,BAL,1,IND 23 BAL 41,18,
2026-09-13,nfl,401872659,BAL/IND,PTD,0,Lamar Jackson,109,2,0,1,,BAL,1,IND 23 BAL 41,18,
2026-09-13,nfl,401872659,BAL/IND,PTD,1,Daniel Jones,-505,1,1,1,,BAL,0,IND 23 BAL 41,18,
2026-09-13,nfl,401872659,BAL/IND,PTD,1,Daniel Jones,118,2,0,1,,BAL,0,IND 23 BAL 41,18,
2026-09-13,nfl,401872658,ATL/PIT,ML,0,ATL,240,,0,13,,PIT,0,PIT 20 ATL 13,7,
2026-09-13,nfl,401872658,ATL/PIT,ML,1,PIT,-298,,1,20,,PIT,1,PIT 20 ATL 13,7,
2026-09-13,nfl,401872658,ATL/PIT,PTD,1,Aaron Rodgers,-531,1,1,1,,PIT,1,PIT 20 ATL 13,7,
2026-09-13,nfl,401872658,ATL/PIT,PTD,1,Aaron Rodgers,114,2,0,1,,PIT,1,PIT 20 ATL 13,7,
2026-09-13,nfl,401872661,CHI/CAR,ML,0,CHI,-166,,1,59,,CHI,1,CAR 37 CHI 59,22,
2026-09-13,nfl,401872661,CHI/CAR,ML,1,CAR,140,,0,37,,CHI,0,CAR 37 CHI 59,22,
2026-09-13,nfl,401872661,CHI/CAR,H2H_YDS,0,Caleb Williams,-163,,0,269,361,CHI,1,CAR 37 CHI 59,22,
2026-09-13,nfl,401872661,CHI/CAR,H2H_YDS,1,Bryce Young,127,,1,361,269,CHI,0,CAR 37 CHI 59,22,
2026-09-13,nfl,401872661,CHI/CAR,PTD,0,Caleb Williams,-720,1,1,2,,CHI,1,CAR 37 CHI 59,22,
2026-09-13,nfl,401872661,CHI/CAR,PTD,0,Caleb Williams,-121,2,1,2,,CHI,1,CAR 37 CHI 59,22,
2026-09-13,nfl,401872661,CHI/CAR,PTD,1,Bryce Young,-543,1,1,3,,CHI,0,CAR 37 CHI 59,22,
2026-09-13,nfl,401872661,CHI/CAR,PTD,1,Bryce Young,108,2,1,3,,CHI,0,CAR 37 CHI 59,22,
2026-09-13,nfl,401872922,CLE/JAX,ML,0,CLE,360,,0,10,,JAX,0,JAX 34 CLE 10,24,
2026-09-13,nfl,401872922,CLE/JAX,ML,1,JAX,-470,,1,34,,JAX,1,JAX 34 CLE 10,24,
2026-09-13,nfl,401872922,CLE/JAX,H2H_YDS,0,Deshaun Watson,-114,,0,205,245,JAX,0,JAX 34 CLE 10,24,
2026-09-13,nfl,401872922,CLE/JAX,H2H_YDS,1,Trevor Lawrence,-112,,1,245,205,JAX,1,JAX 34 CLE 10,24,
2026-09-13,nfl,401872922,CLE/JAX,PTD,0,Deshaun Watson,-169,1,1,1,,JAX,0,JAX 34 CLE 10,24,
2026-09-13,nfl,401872922,CLE/JAX,PTD,0,Deshaun Watson,341,2,0,1,,JAX,0,JAX 34 CLE 10,24,
2026-09-13,nfl,401872922,CLE/JAX,PTD,1,Trevor Lawrence,-620,1,1,4,,JAX,1,JAX 34 CLE 10,24,
2026-09-13,nfl,401872922,CLE/JAX,PTD,1,Trevor Lawrence,-103,2,1,4,,JAX,1,JAX 34 CLE 10,24,
2026-09-13,nfl,401872660,BUF/HOU,ML,0,BUF,-112,,1,36,,BUF,1,HOU 31 BUF 36,5,
2026-09-13,nfl,401872660,BUF/HOU,ML,1,HOU,-108,,0,31,,BUF,0,HOU 31 BUF 36,5,
2026-09-13,nfl,401872660,BUF/HOU,H2H_YDS,0,Josh Allen,-118,,1,334,274,BUF,1,HOU 31 BUF 36,5,
2026-09-13,nfl,401872660,BUF/HOU,H2H_YDS,1,C.J. Stroud,-108,,0,274,334,BUF,0,HOU 31 BUF 36,5,
2026-09-13,nfl,401872660,BUF/HOU,PTD,0,Josh Allen,-361,1,1,2,,BUF,1,HOU 31 BUF 36,5,
2026-09-13,nfl,401872660,BUF/HOU,PTD,0,Josh Allen,153,2,1,2,,BUF,1,HOU 31 BUF 36,5,
2026-09-13,nfl,401872660,BUF/HOU,PTD,1,C.J. Stroud,-469,1,1,2,,BUF,0,HOU 31 BUF 36,5,
2026-09-13,nfl,401872660,BUF/HOU,PTD,1,C.J. Stroud,124,2,1,2,,BUF,0,HOU 31 BUF 36,5,
2026-09-13,nfl,401872928,MIA/LV,ML,0,MIA,142,,0,13,,LV,0,LV 27 MIA 13,14,
2026-09-13,nfl,401872928,MIA/LV,ML,1,LV,-170,,1,27,,LV,1,LV 27 MIA 13,14,
2026-09-13,nfl,401872928,MIA/LV,H2H_YDS,0,Malik Willis,152,,1,220,160,LV,0,LV 27 MIA 13,14,
2026-09-13,nfl,401872928,MIA/LV,H2H_YDS,1,Kirk Cousins,-195,,0,160,220,LV,1,LV 27 MIA 13,14,
2026-09-13,nfl,401872928,MIA/LV,PTD,0,Malik Willis,-210,1,0,0,,LV,0,LV 27 MIA 13,14,
2026-09-13,nfl,401872928,MIA/LV,PTD,0,Malik Willis,273,2,0,0,,LV,0,LV 27 MIA 13,14,
2026-09-13,nfl,401872928,MIA/LV,PTD,1,Kirk Cousins,-444,1,1,3,,LV,1,LV 27 MIA 13,14,
2026-09-13,nfl,401872928,MIA/LV,PTD,1,Kirk Cousins,131,2,1,3,,LV,1,LV 27 MIA 13,14,
2026-09-13,nfl,401872927,GB/MIN,ML,0,GB,105,,0,22,,MIN,0,MIN 39 GB 22,17,
2026-09-13,nfl,401872927,GB/MIN,ML,1,MIN,-125,,1,39,,MIN,1,MIN 39 GB 22,17,
2026-09-13,nfl,401872927,GB/MIN,H2H_YDS,0,Jordan Love,-159,,1,387,18,MIN,0,MIN 39 GB 22,17,
2026-09-13,nfl,401872927,GB/MIN,H2H_YDS,1,Kyler Murray,125,,0,18,387,MIN,1,MIN 39 GB 22,17,
2026-09-13,nfl,401872927,GB/MIN,PTD,0,Jordan Love,-630,1,1,2,,MIN,0,MIN 39 GB 22,17,
2026-09-13,nfl,401872927,GB/MIN,PTD,0,Jordan Love,-104,2,1,2,,MIN,0,MIN 39 GB 22,17,
2026-09-13,nfl,401872927,GB/MIN,PTD,1,Kyler Murray,-494,1,0,0,,MIN,1,MIN 39 GB 22,17,
2026-09-13,nfl,401872927,GB/MIN,PTD,1,Kyler Murray,120,2,0,0,,MIN,1,MIN 39 GB 22,17,
2026-09-13,nfl,401872929,WSH/PHI,ML,0,WSH,200,,0,22,,PHI,0,PHI 24 WSH 22,2,
2026-09-13,nfl,401872929,WSH/PHI,ML,1,PHI,-245,,1,24,,PHI,1,PHI 24 WSH 22,2,
2026-09-13,nfl,401872929,WSH/PHI,H2H_YDS,0,Jayden Daniels,-112,,0,164,203,PHI,0,PHI 24 WSH 22,2,
2026-09-13,nfl,401872929,WSH/PHI,H2H_YDS,1,Jalen Hurts,-114,,1,203,164,PHI,1,PHI 24 WSH 22,2,
2026-09-13,nfl,401872929,WSH/PHI,PTD,0,Jayden Daniels,-248,1,1,2,,PHI,0,PHI 24 WSH 22,2,
2026-09-13,nfl,401872929,WSH/PHI,PTD,0,Jayden Daniels,225,2,1,2,,PHI,0,PHI 24 WSH 22,2,
2026-09-13,nfl,401872929,WSH/PHI,PTD,1,Jalen Hurts,-455,1,1,3,,PHI,1,PHI 24 WSH 22,2,
2026-09-13,nfl,401872929,WSH/PHI,PTD,1,Jalen Hurts,126,2,1,3,,PHI,1,PHI 24 WSH 22,2,
2026-09-13,nfl,401872926,ARI/LAC,ML,0,ARI,350,,1,26,,LAC,0,LAC 14 ARI 26,12,
2026-09-13,nfl,401872926,ARI/LAC,ML,1,LAC,-455,,0,14,,LAC,1,LAC 14 ARI 26,12,
2026-09-13,nfl,401872926,ARI/LAC,H2H_YDS,0,Jacoby Brissett,118,,1,277,209,LAC,0,LAC 14 ARI 26,12,
2026-09-13,nfl,401872926,ARI/LAC,H2H_YDS,1,Justin Herbert,-150,,0,209,277,LAC,1,LAC 14 ARI 26,12,
2026-09-13,nfl,401872926,ARI/LAC,PTD,0,Jacoby Brissett,-383,1,1,1,,LAC,0,LAC 14 ARI 26,12,
2026-09-13,nfl,401872926,ARI/LAC,PTD,0,Jacoby Brissett,150,2,0,1,,LAC,0,LAC 14 ARI 26,12,
2026-09-13,nfl,401872926,ARI/LAC,PTD,1,Justin Herbert,-1380,1,1,1,,LAC,1,LAC 14 ARI 26,12,
2026-09-13,nfl,401872926,ARI/LAC,PTD,1,Justin Herbert,-202,2,0,1,,LAC,1,LAC 14 ARI 26,12,
2026-09-14,nfl,401872930,DAL/NYG,ML,0,DAL,-166,,0,20,,DAL,1,NYG 28 DAL 20,8,
2026-09-14,nfl,401872930,DAL/NYG,ML,1,NYG,140,,1,28,,DAL,0,NYG 28 DAL 20,8,
2026-09-14,nfl,401872930,DAL/NYG,H2H_YDS,0,Dak Prescott,-291,,0,175,230,DAL,1,NYG 28 DAL 20,8,
2026-09-14,nfl,401872930,DAL/NYG,H2H_YDS,1,Jaxson Dart,222,,1,230,175,DAL,0,NYG 28 DAL 20,8,
2026-09-14,nfl,401872930,DAL/NYG,PTD,0,Dak Prescott,-950,1,1,2,,DAL,1,NYG 28 DAL 20,8,
2026-09-14,nfl,401872930,DAL/NYG,PTD,0,Dak Prescott,-145,2,1,2,,DAL,1,NYG 28 DAL 20,8,
2026-09-14,nfl,401872930,DAL/NYG,PTD,1,Jaxson Dart,-431,1,1,3,,DAL,0,NYG 28 DAL 20,8,
2026-09-14,nfl,401872930,DAL/NYG,PTD,1,Jaxson Dart,135,2,1,3,,DAL,0,NYG 28 DAL 20,8,
