card_date,bout_id,rank,pick,vs,boxes_pick,boxes_vs,lead,hist_win_pct,result,method
2026-10-10,401927420,1,Felipe Franco,Brendson Ribeiro,7,0,7,74,,
2026-10-10,401927417,2,Julius Walker,Gerald Meerschaert,7,0,7,74,,
2026-10-10,401927415,3,Matheus Camilo,Jai Herbert,7,1,6,71,,
2026-10-10,401927419,4,Leon Shahbazyan,Niko Price,5,1,4,64,,
2026-10-10,401916276,5,Christian Leroy Duncan,Brendan Allen,5,1,4,64,,
2026-10-10,401916277,6,Francisco Prado,Ismael Bonfim,5,2,3,61,,
2026-10-10,401927416,7,Kai Kamaka III,Andre Fili,5,2,3,61,,
2026-10-10,401927421,8,Otari Tanzilovi,Malcolm Wellmaker,3,1,2,57,,
2026-10-10,401927418,9,Allen Frye Jr.,RJ Harris,1,0,1,53,,
