date,kick,sport,market,game,pick,model,book,result
2026-10-10,12:00 PM,CFB,ML 75%+,IU at NEB,IU,82.2,72.2,
2026-10-10,12:30 PM,CFB,ML 75%+,BALL at NU,NU,95.7,NaN,
2026-10-10,1:00 PM,CFB,ML 75%+,RICE at ECU,ECU,76.8,76.0,
2026-10-10,3:30 PM,CFB,ML 75%+,STAN at ND,ND,98.6,NaN,
2026-10-10,3:30 PM,CFB,ML 75%+,CLT at UNT,UNT,96.9,94.6,
2026-10-10,3:30 PM,CFB,ML 75%+,BUFF at TOL,TOL,87.8,88.0,
2026-10-10,3:30 PM,CFB,ML 75%+,KENT at WMU,WMU,85.2,81.7,
2026-10-10,3:30 PM,CFB,ML 75%+,UCLA at ORE,ORE,78.5,77.2,
2026-10-10,4:15 PM,CFB,ML 75%+,MD at OSU,OSU,98.3,NaN,
2026-10-10,7:00 PM,CFB,ML 75%+,UAB at MEM,MEM,88.7,82.7,
2026-10-10,7:00 PM,CFB,ML 75%+,NEV at UTEP,NEV,77.8,75.7,
2026-10-10,7:00 PM,CFB,ML 75%+,LSU at UK,LSU,77.3,74.4,
2026-10-10,7:30 PM,CFB,ML 75%+,SYR at UVA,UVA,79.3,75.7,
2026-10-10,7:30 PM,CFB,ML 75%+,JMU at GASO,JMU,78.1,72.6,
2026-10-10,18:00,CFB,H2H 83%+,SDSU at ORST,Braden Atkinson (ORST),90.3,,
2026-10-10,15:30,CFB,H2H 83%+,CLT at UNT,Tayven Jackson (UNT),89.5,,
2026-10-10,12:00,CFB,H2H 83%+,ARIZ at WVU,Noah Fifita (ARIZ),88.4,,
2026-10-10,15:30,CFB,H2H 83%+,BUFF at TOL,John Alan Richter (TOL),84.9,,
2026-10-10,15:30,CFB,H2H 83%+,STAN at ND,CJ Carr (ND),83.8,,
2026-10-10,4:15 PM,CFB,1+ PTD 90%+,MD at OSU,Julian Sayin,93.3,,
2026-10-10,3:30 PM,CFB,1+ PTD 90%+,STAN at ND,CJ Carr,91.8,,
2026-10-10,6:00 PM,CFB,1+ PTD 90%+,SDSU at ORST,Braden Atkinson,91.1,,
2026-10-10,12:30 PM,CFB,1+ PTD 90%+,BALL at NU,Aidan Chiles,91.0,,
2026-10-10,3:30 PM,CFB,1+ PTD 90%+,BUFF at TOL,John Alan Richter,90.2,,
2026-10-10,3:30 PM,CFB,1+ PTD 90%+,CLT at UNT,Tayven Jackson,90.2,,
2026-10-10,4:15 PM,CFB,2+ PTD 70%+,MD at OSU,Julian Sayin,77.3,-1340,
2026-10-10,3:30 PM,CFB,2+ PTD 70%+,STAN at ND,CJ Carr,72.9,-930,
2026-10-10,12:30 PM,CFB,2+ PTD 70%+,BALL at NU,Aidan Chiles,70.5,-272,
2026-10-10,12:00 PM,CFB,ML 75%+,ARIZ at WVU,ARIZ,76.7,59.3,
2026-10-10,3:30 PM,CFB,ML 75%+,TLSA at NAVY,NAVY,79.4,52.6,
2026-10-10,10:15 PM,CFB,ML 75%+,KU at UTAH,UTAH,85.6,84.0,
